{"cameraMode":{"drawMode":0,"name":"Shaded","section":"Shading Mode"},"sceneLighting":true,"audioPlay":false,"sceneViewState":{"m_AlwaysRefresh":false,"showFog":true,"showSkybox":true,"showFlares":true,"showImageEffects":true,"showParticleSystems":true,"showVisualEffectGraphs":true,"m_FxEnabled":true},"in2DMode":false,"pivot":{"x":42.75505447387695,"y":0.689934253692627,"z":42.34745407104492},"rotation":{"x":0.297232449054718,"y":-0.010031109675765038,"z":0.0031146095134317877,"w":0.9547486305236816},"size":5.341245651245117,"orthographic":false}