{"cameraMode":{"drawMode":0,"name":"Shaded","section":"Shading Mode"},"sceneLighting":true,"audioPlay":false,"sceneViewState":{"m_AlwaysRefresh":false,"showFog":true,"showSkybox":true,"showFlares":true,"showImageEffects":true,"showParticleSystems":true,"showVisualEffectGraphs":true,"m_FxEnabled":true},"in2DMode":false,"pivot":{"x":39.97382354736328,"y":1.1402721405029297,"z":40.96083450317383},"rotation":{"x":0.1274702399969101,"y":-0.00000402414616473834,"z":2.5209720888597078e-7,"w":0.9919053912162781},"size":4.191083908081055,"orthographic":false}