{"cameraMode":{"drawMode":0,"name":"Shaded","section":"Shading Mode"},"sceneLighting":true,"audioPlay":false,"sceneViewState":{"m_AlwaysRefresh":false,"showFog":true,"showSkybox":true,"showFlares":true,"showImageEffects":true,"showParticleSystems":true,"showVisualEffectGraphs":true,"m_FxEnabled":true},"in2DMode":false,"pivot":{"x":50.175453186035159,"y":1.980195164680481,"z":47.161293029785159},"rotation":{"x":0.05872654914855957,"y":-0.03892572969198227,"z":0.0022713185753673317,"w":0.9974675178527832},"size":0.8660253882408142,"orthographic":false}